player,position,game_date,tackles,meters_run,try_assists,fatigue_score,injury_status,total_distance,high_speed_runs,max_acceleration,performance_cluster,injury_risk
Reece Walsh,Fullback,2025-03-01 00:00:00.000000000,43.0,292.5,6.0,52.243458,0.0,8905.775,109.5,4.9377003,0,0.037330493
Reece Walsh,Fullback,2025-03-01 00:00:00.000000000,33.0,156.0,6.0,64.454666,0.0,8905.775,109.5,4.9377003,0,0.027834184
Reece Walsh,Fullback,2025-03-01 00:00:00.000000000,19.0,87.0,4.5,65.01673,0.0,8905.775,109.5,4.9377003,0,0.026453665
Reece Walsh,Fullback,2025-03-01 00:00:00.000000000,47.0,178.5,3.0,36.469727,0.0,8905.775,109.5,4.9377003,0,0.03769053
Reece Walsh,Fullback,2025-03-01 00:00:00.000000000,12.0,78.0,0.0,56.06772,0.0,8905.775,109.5,4.9377003,0,0.029745104
Reece Walsh,Fullback,2025-03-01 00:00:00.000000000,25.0,180.0,3.0,48.10619,0.0,8905.775,109.5,4.9377003,0,0.035807624
Reece Walsh,Fullback,2025-03-01 00:00:00.000000000,43.0,63.0,3.0,88.49983,0.0,8905.775,109.5,4.9377003,0,0.017779265
Reece Walsh,Fullback,2025-03-01 00:00:00.000000000,23.0,43.5,6.0,53.026512,0.0,8905.775,109.5,4.9377003,0,0.028200487
Reece Walsh,Fullback,2025-03-01 00:00:00.000000000,27.0,132.0,4.5,44.103218,0.0,8905.775,109.5,4.9377003,0,0.03483563
Reece Walsh,Fullback,2025-03-01 00:00:00.000000000,15.0,178.5,1.5,40.448544,0.0,8905.775,109.5,4.9377003,0,0.040475152
Reece Walsh,Fullback,2025-03-01 00:00:00.000000000,15.0,79.5,4.5,57.242775,0.0,8905.775,109.5,4.9377003,0,0.029079923
Reece Walsh,Fullback,2025-03-01 00:00:00.000000000,28.0,298.5,4.5,80.3977,0.0,8905.775,109.5,4.9377003,0,0.02873079
Reece Walsh,Fullback,2025-03-01 00:00:00.000000000,40.0,235.5,3.0,53.84015,0.0,8905.775,109.5,4.9377003,0,0.0342505
Reece Walsh,Fullback,2025-03-01 00:00:00.000000000,44.0,249.0,4.5,66.16552,0.0,8905.775,109.5,4.9377003,0,0.029818792
Reece Walsh,Fullback,2025-03-01 00:00:00.000000000,28.0,172.5,0.0,73.785576,0.0,8905.775,109.5,4.9377003,0,0.02603089
Payne Haas,Prop,2025-03-01 00:00:00.000000000,10.5,20.0,2.0,52.01681,0.0,5677.093,68.0,6.46576,1,0.07284357
Payne Haas,Prop,2025-03-01 00:00:00.000000000,39.0,88.0,0.0,42.681705,0.0,5677.093,68.0,6.46576,1,0.079931036
Payne Haas,Prop,2025-03-01 00:00:00.000000000,9.0,23.0,1.0,87.666534,0.0,5677.093,68.0,6.46576,1,0.049278043
Payne Haas,Prop,2025-03-01 00:00:00.000000000,42.0,35.0,2.0,41.750607,0.0,5677.093,68.0,6.46576,1,0.07450385
Payne Haas,Prop,2025-03-01 00:00:00.000000000,72.0,43.0,1.0,46.194286,0.0,5677.093,68.0,6.46576,1,0.06445138
Payne Haas,Prop,2025-03-01 00:00:00.000000000,51.0,99.0,2.0,99.034134,0.0,5677.093,68.0,6.46576,1,0.041230883
Payne Haas,Prop,2025-03-01 00:00:00.000000000,63.0,21.0,4.0,0.023752358,1.0,5677.093,68.0,6.46576,1,0.10708574
Payne Haas,Prop,2025-03-01 00:00:00.000000000,9.0,147.0,3.0,18.54729,0.0,5677.093,68.0,6.46576,1,0.123865835
Payne Haas,Prop,2025-03-01 00:00:00.000000000,37.5,179.0,4.0,38.39639,1.0,5677.093,68.0,6.46576,1,0.09482929
Payne Haas,Prop,2025-03-01 00:00:00.000000000,55.5,103.0,1.0,93.25899,0.0,5677.093,68.0,6.46576,1,0.043569554
Payne Haas,Prop,2025-03-01 00:00:00.000000000,24.0,171.0,3.0,7.0029707,0.0,5677.093,68.0,6.46576,1,0.13692467
Payne Haas,Prop,2025-03-01 00:00:00.000000000,39.0,159.0,2.0,0.94854337,0.0,5677.093,68.0,6.46576,1,0.13669987
Payne Haas,Prop,2025-03-01 00:00:00.000000000,72.0,197.0,3.0,5.2683835,0.0,5677.093,68.0,6.46576,1,0.1228535
Payne Haas,Prop,2025-03-01 00:00:00.000000000,43.5,182.0,0.0,8.8543415,0.0,5677.093,68.0,6.46576,1,0.1276825
Payne Haas,Prop,2025-03-01 00:00:00.000000000,46.5,143.0,3.0,3.7596774,0.0,5677.093,68.0,6.46576,1,0.12697162
Patrick Carrigan,Lock,2025-03-16 13:42:51.428571428,55.2,62.4,0.0,47.978134,0.0,5850.799,76.0,4.953488,2,0.059009135
Patrick Carrigan,Lock,2025-03-16 13:42:51.428571428,38.4,216.00002,3.0,58.07572,0.0,5850.799,76.0,4.953488,1,0.0687537
Patrick Carrigan,Lock,2025-03-16 13:42:51.428571428,24.0,237.6,0.0,27.168697,0.0,5850.799,76.0,4.953488,2,0.1042366
Patrick Carrigan,Lock,2025-03-16 13:42:51.428571428,22.800001,228.00002,1.0,39.82874,0.0,5850.799,76.0,4.953488,2,0.09017844
Patrick Carrigan,Lock,2025-03-16 13:42:51.428571428,57.600002,144.0,4.0,9.169933,0.0,5850.799,76.0,4.953488,1,0.09994595
Patrick Carrigan,Lock,2025-03-16 13:42:51.428571428,8.400001,37.2,2.0,33.637047,0.0,5850.799,76.0,4.953488,2,0.07900236
Patrick Carrigan,Lock,2025-03-16 13:42:51.428571428,49.2,103.200005,3.0,52.25192,0.0,5850.799,76.0,4.953488,1,0.06070824
Patrick Carrigan,Lock,2025-03-16 13:42:51.428571428,13.200001,100.8,4.0,73.22718,0.0,5850.799,76.0,4.953488,1,0.054363605
Patrick Carrigan,Lock,2025-03-16 13:42:51.428571428,30.000002,216.00002,2.0,0.3346362,0.0,5850.799,76.0,4.953488,1,0.13191156
Patrick Carrigan,Lock,2025-03-16 13:42:51.428571428,15.6,224.40001,2.0,46.731075,1.0,5850.799,76.0,4.953488,2,0.085356615
Patrick Carrigan,Lock,2025-03-16 13:42:51.428571428,51.600002,111.600006,0.0,29.700287,0.0,5850.799,76.0,4.953488,2,0.078225754
Patrick Carrigan,Lock,2025-03-16 13:42:51.428571428,26.400002,74.4,1.0,85.28218,0.0,5850.799,76.0,4.953488,2,0.04359608
Patrick Carrigan,Lock,2025-03-16 13:42:51.428571428,9.6,75.600006,1.0,71.55533,0.0,5850.799,76.0,4.953488,2,0.05423911
Patrick Carrigan,Lock,2025-03-16 13:42:51.428571428,34.800003,57.600002,4.0,58.910854,0.0,5850.799,76.0,4.953488,1,0.05576942
Patrick Carrigan,Lock,2025-03-16 13:42:51.428571428,21.6,192.0,1.0,27.726564,0.0,5850.799,76.0,4.953488,2,0.098512776
Ezra Mam,Five-eighth,2025-03-16 13:42:51.428571428,13.0,31.0,3.8999999,91.03391,0.0,6346.942,77.0,4.8904543,1,0.039505336
Ezra Mam,Five-eighth,2025-03-16 13:42:51.428571428,30.0,114.0,1.3,4.510068,0.0,6346.942,77.0,4.8904543,2,0.10880309
Ezra Mam,Five-eighth,2025-03-16 13:42:51.428571428,6.0,65.0,5.2,10.94676,0.0,6346.942,77.0,4.8904543,1,0.103509605
Ezra Mam,Five-eighth,2025-03-16 13:42:51.428571428,24.0,149.0,1.3,39.163013,0.0,6346.942,77.0,4.8904543,2,0.07987083
Ezra Mam,Five-eighth,2025-03-16 13:42:51.428571428,32.0,54.0,3.8999999,12.443756,1.0,6346.942,77.0,4.8904543,1,0.091841266
Ezra Mam,Five-eighth,2025-03-16 13:42:51.428571428,11.0,100.0,0.0,95.64157,0.0,6346.942,77.0,4.8904543,2,0.04150173
Ezra Mam,Five-eighth,2025-03-16 13:42:51.428571428,48.0,109.0,5.2,79.798935,0.0,6346.942,77.0,4.8904543,1,0.04401588
Ezra Mam,Five-eighth,2025-03-16 13:42:51.428571428,12.0,27.0,0.0,25.898266,0.0,6346.942,77.0,4.8904543,2,0.08205799
Ezra Mam,Five-eighth,2025-03-16 13:42:51.428571428,39.0,112.0,0.0,58.855423,0.0,6346.942,77.0,4.8904543,2,0.057897933
Ezra Mam,Five-eighth,2025-03-16 13:42:51.428571428,18.0,173.0,0.0,98.233055,0.0,6346.942,77.0,4.8904543,2,0.04341074
Ezra Mam,Five-eighth,2025-03-16 13:42:51.428571428,21.0,109.0,2.6,88.4199,1.0,6346.942,77.0,4.8904543,1,0.044003073
Ezra Mam,Five-eighth,2025-03-16 13:42:51.428571428,40.0,181.0,2.6,60.079845,0.0,6346.942,77.0,4.8904543,1,0.062442005
Ezra Mam,Five-eighth,2025-03-16 13:42:51.428571428,44.0,134.0,0.0,90.3724,0.0,6346.942,77.0,4.8904543,2,0.040953573
Ezra Mam,Five-eighth,2025-03-16 13:42:51.428571428,8.0,124.0,5.2,98.91849,0.0,6346.942,77.0,4.8904543,1,0.041766368
Ezra Mam,Five-eighth,2025-03-16 13:42:51.428571428,6.0,154.0,3.8999999,74.33528,0.0,6346.942,77.0,4.8904543,1,0.05793734
Adam Reynolds,Halfback,2025-04-01 03:25:42.857142857,10.0,77.0,3.8999999,6.498641,0.0,5750.0283,70.0,4.9586387,1,0.1260259
Adam Reynolds,Halfback,2025-04-01 03:25:42.857142857,46.0,133.0,1.3,40.158024,0.0,5750.0283,70.0,4.9586387,1,0.083520725
Adam Reynolds,Halfback,2025-04-01 03:25:42.857142857,8.0,94.0,5.2,83.78257,0.0,5750.0283,70.0,4.9586387,1,0.055830587
Adam Reynolds,Halfback,2025-04-01 03:25:42.857142857,33.0,176.0,2.6,23.05692,0.0,5750.0283,70.0,4.9586387,1,0.111047044
Adam Reynolds,Halfback,2025-04-01 03:25:42.857142857,22.0,139.0,0.0,83.064255,0.0,5750.0283,70.0,4.9586387,2,0.056882598
Adam Reynolds,Halfback,2025-04-01 03:25:42.857142857,30.0,183.0,1.3,12.033876,1.0,5750.0283,70.0,4.9586387,2,0.12708828
Adam Reynolds,Halfback,2025-04-01 03:25:42.857142857,48.0,40.0,3.8999999,4.6945357,0.0,5750.0283,70.0,4.9586387,1,0.10788415
Adam Reynolds,Halfback,2025-04-01 03:25:42.857142857,38.0,183.0,2.6,38.40906,0.0,5750.0283,70.0,4.9586387,1,0.0934256
Adam Reynolds,Halfback,2025-04-01 03:25:42.857142857,14.0,157.0,2.6,3.6731937,0.0,5750.0283,70.0,4.9586387,1,0.14143273
Adam Reynolds,Halfback,2025-04-01 03:25:42.857142857,40.0,120.0,0.0,95.72703,0.0,5750.0283,70.0,4.9586387,2,0.04499473
Adam Reynolds,Halfback,2025-04-01 03:25:42.857142857,18.0,171.0,3.8999999,82.62057,0.0,5750.0283,70.0,4.9586387,1,0.060548346
Adam Reynolds,Halfback,2025-04-01 03:25:42.857142857,35.0,196.0,5.2,80.076965,0.0,5750.0283,70.0,4.9586387,1,0.06063573
Adam Reynolds,Halfback,2025-04-01 03:25:42.857142857,19.0,118.0,2.6,62.97779,0.0,5750.0283,70.0,4.9586387,1,0.069987744
Adam Reynolds,Halfback,2025-04-01 03:25:42.857142857,12.0,55.0,0.0,21.632402,0.0,5750.0283,70.0,4.9586387,2,0.103725806
Adam Reynolds,Halfback,2025-04-01 03:25:42.857142857,18.0,115.0,5.2,51.82604,0.0,5750.0283,70.0,4.9586387,1,0.079136945
Selwyn Cobbo,Winger,2025-04-01 03:25:42.857142857,27.0,171.0,3.0,59.727406,0.0,6168.9473,81.0,4.899456,1,0.059183512
Selwyn Cobbo,Winger,2025-04-01 03:25:42.857142857,44.0,170.0,2.0,52.50315,0.0,6168.9473,81.0,4.899456,1,0.0603195
Selwyn Cobbo,Winger,2025-04-01 03:25:42.857142857,25.0,56.0,4.0,26.023336,0.0,6168.9473,81.0,4.899456,1,0.07443249
Selwyn Cobbo,Winger,2025-04-01 03:25:42.857142857,20.0,31.0,4.0,51.52479,0.0,6168.9473,81.0,4.899456,1,0.055096865
Selwyn Cobbo,Winger,2025-04-01 03:25:42.857142857,49.0,132.0,4.0,49.118633,0.0,6168.9473,81.0,4.899456,1,0.058475643
Selwyn Cobbo,Winger,2025-04-01 03:25:42.857142857,22.0,32.0,2.0,99.633575,1.0,6168.9473,81.0,4.899456,2,0.031585548
Selwyn Cobbo,Winger,2025-04-01 03:25:42.857142857,28.0,42.0,2.0,89.743614,0.0,6168.9473,81.0,4.899456,2,0.03511786
Selwyn Cobbo,Winger,2025-04-01 03:25:42.857142857,30.0,118.0,1.0,46.338074,0.0,6168.9473,81.0,4.899456,2,0.06336091
Selwyn Cobbo,Winger,2025-04-01 03:25:42.857142857,29.0,124.0,3.0,62.29374,0.0,6168.9473,81.0,4.899456,1,0.053570922
Selwyn Cobbo,Winger,2025-04-01 03:25:42.857142857,49.0,49.0,0.0,74.78716,0.0,6168.9473,81.0,4.899456,2,0.038998645
Selwyn Cobbo,Winger,2025-04-01 03:25:42.857142857,45.0,36.0,4.0,3.486516,0.0,6168.9473,81.0,4.899456,1,0.08659279
Selwyn Cobbo,Winger,2025-04-01 03:25:42.857142857,33.0,132.0,1.0,89.49214,0.0,6168.9473,81.0,4.899456,2,0.039150365
Selwyn Cobbo,Winger,2025-04-01 03:25:42.857142857,19.0,81.0,0.0,86.01268,0.0,6168.9473,81.0,4.899456,2,0.03997789
Selwyn Cobbo,Winger,2025-04-01 03:25:42.857142857,49.0,103.0,1.0,45.74321,0.0,6168.9473,81.0,4.899456,2,0.05840929
Selwyn Cobbo,Winger,2025-04-01 03:25:42.857142857,5.0,131.0,2.0,39.116978,0.0,6168.9473,81.0,4.899456,2,0.07631756
Kotoni Staggs,Centre,2025-04-16 17:08:34.285714285,29.0,105.0,4.0,27.295937,0.0,6264.2363,79.0,4.855023,1,0.08077876
Kotoni Staggs,Centre,2025-04-16 17:08:34.285714285,11.0,160.0,0.0,47.667683,0.0,6264.2363,79.0,4.855023,2,0.07392029
Kotoni Staggs,Centre,2025-04-16 17:08:34.285714285,13.0,38.0,0.0,4.4376664,0.0,6264.2363,79.0,4.855023,2,0.10030791
Kotoni Staggs,Centre,2025-04-16 17:08:34.285714285,28.0,196.0,0.0,85.21935,0.0,6264.2363,79.0,4.855023,2,0.04789177
Kotoni Staggs,Centre,2025-04-16 17:08:34.285714285,5.0,119.0,0.0,3.5422368,0.0,6264.2363,79.0,4.855023,2,0.1154063
Kotoni Staggs,Centre,2025-04-16 17:08:34.285714285,48.0,159.0,0.0,32.905136,0.0,6264.2363,79.0,4.855023,2,0.07629691
Kotoni Staggs,Centre,2025-04-16 17:08:34.285714285,12.0,166.0,1.0,93.15895,0.0,6264.2363,79.0,4.855023,2,0.044501707
Kotoni Staggs,Centre,2025-04-16 17:08:34.285714285,28.0,95.0,4.0,73.52126,0.0,6264.2363,79.0,4.855023,1,0.04766933
Kotoni Staggs,Centre,2025-04-16 17:08:34.285714285,15.0,28.0,2.0,28.139095,0.0,6264.2363,79.0,4.855023,2,0.07593404
Kotoni Staggs,Centre,2025-04-16 17:08:34.285714285,21.0,47.0,2.0,25.26491,0.0,6264.2363,79.0,4.855023,2,0.07869676
Kotoni Staggs,Centre,2025-04-16 17:08:34.285714285,12.0,147.0,2.0,0.508214,0.0,6264.2363,79.0,4.855023,2,0.12058075
Kotoni Staggs,Centre,2025-04-16 17:08:34.285714285,39.0,71.0,2.0,69.57143,0.0,6264.2363,79.0,4.855023,1,0.04636901
Kotoni Staggs,Centre,2025-04-16 17:08:34.285714285,39.0,102.0,1.0,4.8783584,0.0,6264.2363,79.0,4.855023,2,0.09918582
Kotoni Staggs,Centre,2025-04-16 17:08:34.285714285,37.0,130.0,3.0,53.26025,0.0,6264.2363,79.0,4.855023,1,0.060844876
Kotoni Staggs,Centre,2025-04-16 17:08:34.285714285,9.0,163.0,4.0,96.2122,0.0,6264.2363,79.0,4.855023,1,0.043269612
Brendan Piakura,Second-row,2025-04-16 17:08:34.285714285,46.0,136.0,0.0,10.946886,0.0,5970.8306,77.0,4.9681497,2,0.098791726
Brendan Piakura,Second-row,2025-04-16 17:08:34.285714285,43.0,88.0,3.0,89.44799,0.0,5970.8306,77.0,4.9681497,1,0.038941402
Brendan Piakura,Second-row,2025-04-16 17:08:34.285714285,45.0,118.0,2.0,99.14754,0.0,5970.8306,77.0,4.9681497,1,0.03603702
Brendan Piakura,Second-row,2025-04-16 17:08:34.285714285,32.0,159.0,3.0,6.1517024,0.0,5970.8306,77.0,4.9681497,1,0.112322085
Brendan Piakura,Second-row,2025-04-16 17:08:34.285714285,11.0,44.0,4.0,88.29063,0.0,5970.8306,77.0,4.9681497,1,0.041748274
Brendan Piakura,Second-row,2025-04-16 17:08:34.285714285,13.0,199.0,0.0,51.607903,0.0,5970.8306,77.0,4.9681497,2,0.07721634
Brendan Piakura,Second-row,2025-04-16 17:08:34.285714285,12.0,142.0,0.0,90.651375,0.0,5970.8306,77.0,4.9681497,2,0.04630462
Brendan Piakura,Second-row,2025-04-16 17:08:34.285714285,16.0,72.0,4.0,57.131893,0.0,5970.8306,77.0,4.9681497,1,0.06064887
Brendan Piakura,Second-row,2025-04-16 17:08:34.285714285,38.0,170.0,4.0,66.211205,0.0,5970.8306,77.0,4.9681497,1,0.057764187
Brendan Piakura,Second-row,2025-04-16 17:08:34.285714285,37.0,163.0,2.0,54.37789,0.0,5970.8306,77.0,4.9681497,1,0.06557565
Brendan Piakura,Second-row,2025-04-16 17:08:34.285714285,27.0,76.0,0.0,86.44929,0.0,5970.8306,77.0,4.9681497,2,0.04202816
Brendan Piakura,Second-row,2025-04-16 17:08:34.285714285,28.0,58.0,3.0,73.39099,0.0,5970.8306,77.0,4.9681497,1,0.047423884
Brendan Piakura,Second-row,2025-04-16 17:08:34.285714285,41.0,128.0,1.0,52.12603,1.0,5970.8306,77.0,4.9681497,2,0.06325932
Brendan Piakura,Second-row,2025-04-16 17:08:34.285714285,39.0,61.0,1.0,86.81608,0.0,5970.8306,77.0,4.9681497,2,0.03924152
Brendan Piakura,Second-row,2025-04-16 17:08:34.285714285,48.0,186.0,4.0,24.528553,0.0,5970.8306,77.0,4.9681497,1,0.09038119
Jordan Riki,Second-row,2025-05-02 06:51:25.714285714,44.0,161.0,2.0,15.734066,0.0,6156.5703,80.0,4.950487,1,0.09142548
Jordan Riki,Second-row,2025-05-02 06:51:25.714285714,26.0,141.0,1.0,16.04001,0.0,6156.5703,80.0,4.950487,2,0.09447429
Jordan Riki,Second-row,2025-05-02 06:51:25.714285714,31.0,152.0,0.0,33.400887,0.0,6156.5703,80.0,4.950487,2,0.07792525
Jordan Riki,Second-row,2025-05-02 06:51:25.714285714,39.0,182.0,4.0,23.869003,0.0,6156.5703,80.0,4.950487,1,0.08750772
Jordan Riki,Second-row,2025-05-02 06:51:25.714285714,5.0,94.0,3.0,93.00903,0.0,6156.5703,80.0,4.950487,1,0.040417302
Jordan Riki,Second-row,2025-05-02 06:51:25.714285714,39.0,165.0,4.0,10.583409,0.0,6156.5703,80.0,4.950487,1,0.098850146
Jordan Riki,Second-row,2025-05-02 06:51:25.714285714,41.0,95.0,3.0,69.89907,0.0,6156.5703,80.0,4.950487,1,0.046237472
Jordan Riki,Second-row,2025-05-02 06:51:25.714285714,18.0,28.0,4.0,18.922153,0.0,6156.5703,80.0,4.950487,1,0.081208654
Jordan Riki,Second-row,2025-05-02 06:51:25.714285714,7.0,93.0,4.0,88.16371,0.0,6156.5703,80.0,4.950487,1,0.04235507
Jordan Riki,Second-row,2025-05-02 06:51:25.714285714,5.0,164.0,4.0,96.13153,0.0,6156.5703,80.0,4.950487,1,0.0429306
Jordan Riki,Second-row,2025-05-02 06:51:25.714285714,9.0,26.0,3.0,46.547,0.0,6156.5703,80.0,4.950487,1,0.061529983
Jordan Riki,Second-row,2025-05-02 06:51:25.714285714,30.0,193.0,3.0,87.90715,0.0,6156.5703,80.0,4.950487,1,0.044805557
Jordan Riki,Second-row,2025-05-02 06:51:25.714285714,18.0,160.0,4.0,0.51451707,0.0,6156.5703,80.0,4.950487,1,0.117424324
Jordan Riki,Second-row,2025-05-02 06:51:25.714285714,43.0,187.0,1.0,81.99469,0.0,6156.5703,80.0,4.950487,2,0.045347948
Jordan Riki,Second-row,2025-05-02 06:51:25.714285714,31.0,189.0,2.0,22.862516,0.0,6156.5703,80.0,4.950487,2,0.09178996
Corey Jensen,Prop,2025-05-02 06:51:25.714285714,13.0,156.0,2.0,90.87013,0.0,6232.4814,79.0,4.8771586,2,0.044877805
Corey Jensen,Prop,2025-05-02 06:51:25.714285714,19.0,197.0,2.0,0.11201115,0.0,6232.4814,79.0,4.8771586,2,0.12590817
Corey Jensen,Prop,2025-05-02 06:51:25.714285714,19.0,46.0,3.0,55.61817,0.0,6232.4814,79.0,4.8771586,1,0.056408208
Corey Jensen,Prop,2025-05-02 06:51:25.714285714,30.0,141.0,3.0,75.66358,0.0,6232.4814,79.0,4.8771586,1,0.049155798
Corey Jensen,Prop,2025-05-02 06:51:25.714285714,46.0,24.0,1.0,25.868834,0.0,6232.4814,79.0,4.8771586,2,0.06940628
Corey Jensen,Prop,2025-05-02 06:51:25.714285714,17.0,48.0,2.0,19.313286,1.0,6232.4814,79.0,4.8771586,2,0.08526717
Corey Jensen,Prop,2025-05-02 06:51:25.714285714,36.0,184.0,2.0,8.409822,0.0,6232.4814,79.0,4.8771586,2,0.1071629
Corey Jensen,Prop,2025-05-02 06:51:25.714285714,43.0,185.0,4.0,32.643356,0.0,6232.4814,79.0,4.8771586,1,0.080558315
Corey Jensen,Prop,2025-05-02 06:51:25.714285714,36.0,102.0,3.0,55.984432,0.0,6232.4814,79.0,4.8771586,1,0.057005588
Corey Jensen,Prop,2025-05-02 06:51:25.714285714,8.0,155.0,2.0,11.584386,0.0,6232.4814,79.0,4.8771586,2,0.10977738
Corey Jensen,Prop,2025-05-02 06:51:25.714285714,34.0,128.0,1.0,37.669537,1.0,6232.4814,79.0,4.8771586,2,0.07294939
Corey Jensen,Prop,2025-05-02 06:51:25.714285714,41.0,84.0,1.0,0.90724045,0.0,6232.4814,79.0,4.8771586,2,0.100411914
Corey Jensen,Prop,2025-05-02 06:51:25.714285714,27.0,105.0,2.0,81.86794,0.0,6232.4814,79.0,4.8771586,2,0.044081442
Corey Jensen,Prop,2025-05-02 06:51:25.714285714,43.0,164.0,3.0,12.8448715,0.0,6232.4814,79.0,4.8771586,1,0.0972366
Corey Jensen,Prop,2025-05-02 06:51:25.714285714,49.0,90.0,1.0,28.334295,0.0,6232.4814,79.0,4.8771586,2,0.072953224
Billy Walters,Hooker,2025-05-17 20:34:17.142857142,19.0,64.0,4.0,1.8427719,0.0,6029.9033,73.0,4.9008636,1,0.118690506
Billy Walters,Hooker,2025-05-17 20:34:17.142857142,47.0,151.0,1.0,43.22408,0.0,6029.9033,73.0,4.9008636,2,0.07718647
Billy Walters,Hooker,2025-05-17 20:34:17.142857142,33.0,55.0,0.0,84.01215,0.0,6029.9033,73.0,4.9008636,2,0.045097757
Billy Walters,Hooker,2025-05-17 20:34:17.142857142,40.0,89.0,0.0,39.215122,0.0,6029.9033,73.0,4.9008636,2,0.076175794
Billy Walters,Hooker,2025-05-17 20:34:17.142857142,17.0,178.0,3.0,17.949732,1.0,6029.9033,73.0,4.9008636,1,0.116453625
Billy Walters,Hooker,2025-05-17 20:34:17.142857142,36.0,38.0,2.0,75.36988,0.0,6029.9033,73.0,4.9008636,1,0.04809537
Billy Walters,Hooker,2025-05-17 20:34:17.142857142,11.0,127.0,3.0,78.8807,0.0,6029.9033,73.0,4.9008636,1,0.05707254
Billy Walters,Hooker,2025-05-17 20:34:17.142857142,26.0,186.0,3.0,17.375347,0.0,6029.9033,73.0,4.9008636,1,0.11482638
Billy Walters,Hooker,2025-05-17 20:34:17.142857142,32.0,110.0,3.0,77.08541,1.0,6029.9033,73.0,4.9008636,1,0.05277794
Billy Walters,Hooker,2025-05-17 20:34:17.142857142,6.0,109.0,3.0,94.72979,0.0,6029.9033,73.0,4.9008636,1,0.04739016
Billy Walters,Hooker,2025-05-17 20:34:17.142857142,46.0,38.0,4.0,16.637758,0.0,6029.9033,73.0,4.9008636,1,0.08935034
Billy Walters,Hooker,2025-05-17 20:34:17.142857142,49.0,58.0,4.0,77.09843,0.0,6029.9033,73.0,4.9008636,1,0.046232656
Billy Walters,Hooker,2025-05-17 20:34:17.142857142,10.0,145.0,1.0,70.8572,0.0,6029.9033,73.0,4.9008636,2,0.064210795
Billy Walters,Hooker,2025-05-17 20:34:17.142857142,32.0,192.0,0.0,47.357388,0.0,6029.9033,73.0,4.9008636,2,0.08205021
Billy Walters,Hooker,2025-05-17 20:34:17.142857142,32.0,160.0,3.0,5.792046,0.0,6029.9033,73.0,4.9008636,1,0.1230319
Deine Mariner,Winger,2025-05-17 20:34:17.142857142,48.0,145.0,1.0,7.469442,0.0,5596.169,72.0,4.9429965,2,0.11474805
Deine Mariner,Winger,2025-05-17 20:34:17.142857142,48.0,77.0,0.0,85.24146,0.0,5596.169,72.0,4.9429965,2,0.044373155
Deine Mariner,Winger,2025-05-17 20:34:17.142857142,24.0,167.0,2.0,99.01484,0.0,5596.169,72.0,4.9429965,1,0.04679262
Deine Mariner,Winger,2025-05-17 20:34:17.142857142,34.0,80.0,4.0,67.605225,0.0,5596.169,72.0,4.9429965,1,0.05724475
Deine Mariner,Winger,2025-05-17 20:34:17.142857142,15.0,146.0,0.0,44.59583,0.0,5596.169,72.0,4.9429965,2,0.08629295
Deine Mariner,Winger,2025-05-17 20:34:17.142857142,32.0,124.0,2.0,64.75736,0.0,5596.169,72.0,4.9429965,1,0.0631613
Deine Mariner,Winger,2025-05-17 20:34:17.142857142,29.0,186.0,0.0,59.439587,0.0,5596.169,72.0,4.9429965,2,0.07357186
Deine Mariner,Winger,2025-05-17 20:34:17.142857142,43.0,20.0,4.0,38.361225,0.0,5596.169,72.0,4.9429965,1,0.07094685
Deine Mariner,Winger,2025-05-17 20:34:17.142857142,37.0,150.0,4.0,6.5626144,0.0,5596.169,72.0,4.9429965,1,0.120967716
Deine Mariner,Winger,2025-05-17 20:34:17.142857142,5.0,111.0,1.0,82.1513,0.0,5596.169,72.0,4.9429965,2,0.056223165
Deine Mariner,Winger,2025-05-17 20:34:17.142857142,31.0,132.0,3.0,37.183353,0.0,5596.169,72.0,4.9429965,1,0.08689836
Deine Mariner,Winger,2025-05-17 20:34:17.142857142,17.0,172.0,0.0,81.87856,0.0,5596.169,72.0,4.9429965,2,0.05865819
Deine Mariner,Winger,2025-05-17 20:34:17.142857142,45.0,75.0,0.0,25.250875,0.0,5596.169,72.0,4.9429965,2,0.08750962
Deine Mariner,Winger,2025-05-17 20:34:17.142857142,7.0,180.0,2.0,0.10294799,0.0,5596.169,72.0,4.9429965,2,0.14816788
Deine Mariner,Winger,2025-05-17 20:34:17.142857142,43.0,185.0,4.0,15.893828,0.0,5596.169,72.0,4.9429965,1,0.1122981
Herbie Farnworth,Centre,2025-06-02 10:17:08.571428571,10.0,136.0,0.0,46.853943,0.0,6147.08,81.0,4.893162,2,0.069290124
Herbie Farnworth,Centre,2025-06-02 10:17:08.571428571,12.0,153.0,4.0,94.43037,1.0,6147.08,81.0,4.893162,1,0.041117303
Herbie Farnworth,Centre,2025-06-02 10:17:08.571428571,31.0,77.0,0.0,10.219362,0.0,6147.08,81.0,4.893162,2,0.0891288
Herbie Farnworth,Centre,2025-06-02 10:17:08.571428571,13.0,63.0,1.0,85.420975,0.0,6147.08,81.0,4.893162,2,0.04014047
Herbie Farnworth,Centre,2025-06-02 10:17:08.571428571,41.0,192.0,3.0,52.702408,0.0,6147.08,81.0,4.893162,1,0.06266555
Herbie Farnworth,Centre,2025-06-02 10:17:08.571428571,37.0,179.0,0.0,82.59208,0.0,6147.08,81.0,4.893162,2,0.044542357
Herbie Farnworth,Centre,2025-06-02 10:17:08.571428571,46.0,192.0,4.0,29.837442,0.0,6147.08,81.0,4.893162,1,0.0793611
Herbie Farnworth,Centre,2025-06-02 10:17:08.571428571,48.0,80.0,1.0,83.99471,0.0,6147.08,81.0,4.893162,2,0.03675125
Herbie Farnworth,Centre,2025-06-02 10:17:08.571428571,28.0,66.0,0.0,77.28228,0.0,6147.08,81.0,4.893162,2,0.041889835
Herbie Farnworth,Centre,2025-06-02 10:17:08.571428571,19.0,168.0,2.0,23.00537,0.0,6147.08,81.0,4.893162,2,0.0910313
Herbie Farnworth,Centre,2025-06-02 10:17:08.571428571,36.0,99.0,3.0,13.1335125,0.0,6147.08,81.0,4.893162,1,0.08733276
Herbie Farnworth,Centre,2025-06-02 10:17:08.571428571,36.0,137.0,0.0,86.805435,0.0,6147.08,81.0,4.893162,2,0.040216103
Herbie Farnworth,Centre,2025-06-02 10:17:08.571428571,28.0,183.0,1.0,96.32366,0.0,6147.08,81.0,4.893162,2,0.039549433
Herbie Farnworth,Centre,2025-06-02 10:17:08.571428571,45.0,166.0,2.0,3.1302314,0.0,6147.08,81.0,4.893162,1,0.10290083
Herbie Farnworth,Centre,2025-06-02 10:17:08.571428571,16.0,39.0,1.0,73.12701,0.0,6147.08,81.0,4.893162,2,0.04422213
Xavier Willison,Prop,2025-06-02 10:17:08.571428571,43.0,165.0,1.0,90.95245,0.0,6071.1865,79.0,4.9627156,2,0.040633284
Xavier Willison,Prop,2025-06-02 10:17:08.571428571,6.0,66.0,2.0,85.73601,0.0,6071.1865,79.0,4.9627156,2,0.04308999
Xavier Willison,Prop,2025-06-02 10:17:08.571428571,7.0,68.0,1.0,96.45205,0.0,6071.1865,79.0,4.9627156,2,0.038074534
Xavier Willison,Prop,2025-06-02 10:17:08.571428571,41.0,33.0,2.0,76.00941,0.0,6071.1865,79.0,4.9627156,1,0.040519956
Xavier Willison,Prop,2025-06-02 10:17:08.571428571,21.0,162.0,0.0,44.229877,0.0,6071.1865,79.0,4.9627156,2,0.07418795
Xavier Willison,Prop,2025-06-02 10:17:08.571428571,6.0,178.0,2.0,31.1952,0.0,6071.1865,79.0,4.9627156,2,0.09209129
Xavier Willison,Prop,2025-06-02 10:17:08.571428571,6.0,20.0,2.0,32.074272,0.0,6071.1865,79.0,4.9627156,2,0.07411309
Xavier Willison,Prop,2025-06-02 10:17:08.571428571,32.0,136.0,3.0,72.44227,1.0,6071.1865,79.0,4.9627156,1,0.050200574
Xavier Willison,Prop,2025-06-02 10:17:08.571428571,27.0,73.0,2.0,74.5837,0.0,6071.1865,79.0,4.9627156,2,0.045781054
Xavier Willison,Prop,2025-06-02 10:17:08.571428571,41.0,137.0,2.0,20.035913,1.0,6071.1865,79.0,4.9627156,1,0.08731392
Xavier Willison,Prop,2025-06-02 10:17:08.571428571,36.0,22.0,0.0,86.81228,0.0,6071.1865,79.0,4.9627156,2,0.035901845
Xavier Willison,Prop,2025-06-02 10:17:08.571428571,37.0,163.0,3.0,71.4924,0.0,6071.1865,79.0,4.9627156,1,0.051699508
Xavier Willison,Prop,2025-06-02 10:17:08.571428571,5.0,31.0,4.0,56.27503,0.0,6071.1865,79.0,4.9627156,1,0.057608627
Xavier Willison,Prop,2025-06-02 10:17:08.571428571,23.0,93.0,0.0,47.153248,0.0,6071.1865,79.0,4.9627156,2,0.065044396
Xavier Willison,Prop,2025-06-02 10:17:08.571428571,6.0,35.0,0.0,54.32328,0.0,6071.1865,79.0,4.9627156,2,0.05899455
Corey Oates,Winger,2025-06-18 00:00:00.000000000,48.0,121.0,4.0,15.924574,0.0,6055.1147,76.0,4.8863583,1,0.09332389
Corey Oates,Winger,2025-06-18 00:00:00.000000000,30.0,171.0,2.0,20.370125,0.0,6055.1147,76.0,4.8863583,2,0.100946926
Corey Oates,Winger,2025-06-18 00:00:00.000000000,36.0,175.0,1.0,9.116449,0.0,6055.1147,76.0,4.8863583,2,0.11210846
Corey Oates,Winger,2025-06-18 00:00:00.000000000,10.0,136.0,3.0,15.365804,1.0,6055.1147,76.0,4.8863583,1,0.10899845
Corey Oates,Winger,2025-06-18 00:00:00.000000000,36.0,27.0,1.0,45.36936,0.0,6055.1147,76.0,4.8863583,2,0.06212328
Corey Oates,Winger,2025-06-18 00:00:00.000000000,8.0,141.0,4.0,53.03544,0.0,6055.1147,76.0,4.8863583,1,0.07335127
Corey Oates,Winger,2025-06-18 00:00:00.000000000,15.0,111.0,0.0,1.7861892,0.0,6055.1147,76.0,4.8863583,2,0.11987763
Corey Oates,Winger,2025-06-18 00:00:00.000000000,21.0,183.0,0.0,79.67978,0.0,6055.1147,76.0,4.8863583,2,0.0549949
Corey Oates,Winger,2025-06-18 00:00:00.000000000,42.0,109.0,3.0,29.416798,0.0,6055.1147,76.0,4.8863583,1,0.080967225
Corey Oates,Winger,2025-06-18 00:00:00.000000000,28.0,155.0,0.0,91.1836,0.0,6055.1147,76.0,4.8863583,2,0.045298554
Corey Oates,Winger,2025-06-18 00:00:00.000000000,9.0,79.0,0.0,96.75113,0.0,6055.1147,76.0,4.8863583,2,0.04104304
Corey Oates,Winger,2025-06-18 00:00:00.000000000,38.0,197.0,3.0,18.545887,0.0,6055.1147,76.0,4.8863583,1,0.103572816
Corey Oates,Winger,2025-06-18 00:00:00.000000000,10.0,47.0,3.0,46.20973,0.0,6055.1147,76.0,4.8863583,1,0.06933176
Corey Oates,Winger,2025-06-18 00:00:00.000000000,26.0,120.0,4.0,0.12318352,0.0,6055.1147,76.0,4.8863583,1,0.118922904
Corey Oates,Winger,2025-06-18 00:00:00.000000000,15.0,60.0,0.0,59.832726,1.0,6055.1147,76.0,4.8863583,2,0.059515182
Jesse Arthars,Winger,2025-06-18 00:00:00.000000000,20.0,174.0,0.0,60.730644,0.0,5768.7437,67.0,4.9872327,2,0.08226345
Jesse Arthars,Winger,2025-06-18 00:00:00.000000000,37.0,164.0,4.0,24.753996,0.0,5768.7437,67.0,4.9872327,1,0.112933174
Jesse Arthars,Winger,2025-06-18 00:00:00.000000000,13.0,180.0,2.0,55.841267,0.0,5768.7437,67.0,4.9872327,2,0.0896148
Jesse Arthars,Winger,2025-06-18 00:00:00.000000000,10.0,176.0,2.0,22.554014,0.0,5768.7437,67.0,4.9872327,2,0.12842523
Jesse Arthars,Winger,2025-06-18 00:00:00.000000000,20.0,160.0,2.0,16.082546,0.0,5768.7437,67.0,4.9872327,1,0.13026851
Jesse Arthars,Winger,2025-06-18 00:00:00.000000000,33.0,65.0,4.0,65.15195,0.0,5768.7437,67.0,4.9872327,1,0.06474461
Jesse Arthars,Winger,2025-06-18 00:00:00.000000000,7.0,54.0,0.0,32.592545,0.0,5768.7437,67.0,4.9872327,2,0.09991084
Jesse Arthars,Winger,2025-06-18 00:00:00.000000000,24.0,153.0,4.0,59.026394,0.0,5768.7437,67.0,4.9872327,1,0.08040088
Jesse Arthars,Winger,2025-06-18 00:00:00.000000000,40.0,101.0,4.0,43.324677,0.0,5768.7437,67.0,4.9872327,1,0.084351085
Jesse Arthars,Winger,2025-06-18 00:00:00.000000000,23.0,134.0,2.0,98.43514,0.0,5768.7437,67.0,4.9872327,1,0.050634008
Jesse Arthars,Winger,2025-06-18 00:00:00.000000000,30.0,66.0,1.0,14.958064,0.0,5768.7437,67.0,4.9872327,2,0.11326481
Jesse Arthars,Winger,2025-06-18 00:00:00.000000000,7.0,172.0,0.0,46.459858,0.0,5768.7437,67.0,4.9872327,2,0.100209765
Jesse Arthars,Winger,2025-06-18 00:00:00.000000000,23.0,29.0,2.0,68.04566,0.0,5768.7437,67.0,4.9872327,1,0.061892398
Jesse Arthars,Winger,2025-06-18 00:00:00.000000000,24.0,75.0,1.0,39.55451,0.0,5768.7437,67.0,4.9872327,2,0.08980809
Jesse Arthars,Winger,2025-06-18 00:00:00.000000000,36.0,49.0,1.0,97.469986,0.0,5768.7437,67.0,4.9872327,2,0.043487243
Blake Mozer,Hooker,2025-07-03 13:42:51.428571428,11.0,128.0,3.0,72.18877,0.0,6208.633,80.0,4.9829516,1,0.052490156
Blake Mozer,Hooker,2025-07-03 13:42:51.428571428,45.0,24.0,0.0,65.69839,0.0,6208.633,80.0,4.9829516,2,0.043357875
Blake Mozer,Hooker,2025-07-03 13:42:51.428571428,37.0,138.0,1.0,75.705925,0.0,6208.633,80.0,4.9829516,2,0.0465391
Blake Mozer,Hooker,2025-07-03 13:42:51.428571428,44.0,52.0,2.0,95.26486,0.0,6208.633,80.0,4.9829516,1,0.032192796
Blake Mozer,Hooker,2025-07-03 13:42:51.428571428,43.0,137.0,3.0,90.78187,0.0,6208.633,80.0,4.9829516,1,0.038265698
Blake Mozer,Hooker,2025-07-03 13:42:51.428571428,22.0,84.0,0.0,72.42853,0.0,6208.633,80.0,4.9829516,2,0.047383677
Blake Mozer,Hooker,2025-07-03 13:42:51.428571428,44.0,165.0,4.0,74.91616,0.0,6208.633,80.0,4.9829516,1,0.047501627
Blake Mozer,Hooker,2025-07-03 13:42:51.428571428,5.0,196.0,2.0,14.592207,0.0,6208.633,80.0,4.9829516,2,0.110578686
Blake Mozer,Hooker,2025-07-03 13:42:51.428571428,15.0,30.0,1.0,10.279241,0.0,6208.633,80.0,4.9829516,2,0.09037206
Blake Mozer,Hooker,2025-07-03 13:42:51.428571428,32.0,104.0,1.0,57.09045,0.0,6208.633,80.0,4.9829516,2,0.05587883
Blake Mozer,Hooker,2025-07-03 13:42:51.428571428,29.0,45.0,2.0,1.8367637,0.0,6208.633,80.0,4.9829516,2,0.09621571
Blake Mozer,Hooker,2025-07-03 13:42:51.428571428,27.0,82.0,1.0,48.235638,0.0,6208.633,80.0,4.9829516,2,0.06101016
Blake Mozer,Hooker,2025-07-03 13:42:51.428571428,35.0,105.0,3.0,21.034958,0.0,6208.633,80.0,4.9829516,1,0.0826964
Blake Mozer,Hooker,2025-07-03 13:42:51.428571428,34.0,78.0,0.0,34.601658,0.0,6208.633,80.0,4.9829516,2,0.068931356
Blake Mozer,Hooker,2025-07-03 13:42:51.428571428,46.0,46.0,3.0,77.580475,0.0,6208.633,80.0,4.9829516,1,0.038858283
Tyson Smoothy,Hooker,2025-07-03 13:42:51.428571428,39.0,196.0,1.0,94.12375,0.0,6479.037,84.0,4.937148,2,0.036977082
Tyson Smoothy,Hooker,2025-07-03 13:42:51.428571428,11.0,180.0,4.0,7.241627,0.0,6479.037,84.0,4.937148,1,0.10544468
Tyson Smoothy,Hooker,2025-07-03 13:42:51.428571428,20.0,117.0,0.0,53.42422,0.0,6479.037,84.0,4.937148,2,0.05655173
Tyson Smoothy,Hooker,2025-07-03 13:42:51.428571428,30.0,124.0,0.0,88.25335,0.0,6479.037,84.0,4.937148,2,0.03702162
Tyson Smoothy,Hooker,2025-07-03 13:42:51.428571428,6.0,118.0,2.0,8.250854,0.0,6479.037,84.0,4.937148,2,0.09797066
Tyson Smoothy,Hooker,2025-07-03 13:42:51.428571428,5.0,148.0,2.0,82.45141,0.0,6479.037,84.0,4.937148,2,0.04479864
Tyson Smoothy,Hooker,2025-07-03 13:42:51.428571428,16.0,168.0,4.0,35.780136,0.0,6479.037,84.0,4.937148,1,0.07479124
Tyson Smoothy,Hooker,2025-07-03 13:42:51.428571428,9.0,74.0,0.0,32.20947,0.0,6479.037,84.0,4.937148,2,0.070393406
Tyson Smoothy,Hooker,2025-07-03 13:42:51.428571428,41.0,25.0,4.0,97.746635,0.0,6479.037,84.0,4.937148,1,0.027771398
Tyson Smoothy,Hooker,2025-07-03 13:42:51.428571428,36.0,114.0,2.0,20.085909,1.0,6479.037,84.0,4.937148,2,0.07718529
Tyson Smoothy,Hooker,2025-07-03 13:42:51.428571428,13.0,152.0,2.0,69.3194,0.0,6479.037,84.0,4.937148,2,0.050808582
Tyson Smoothy,Hooker,2025-07-03 13:42:51.428571428,45.0,121.0,0.0,82.14407,0.0,6479.037,84.0,4.937148,2,0.037438907
Tyson Smoothy,Hooker,2025-07-03 13:42:51.428571428,39.0,22.0,3.0,4.1183496,0.0,6479.037,84.0,4.937148,1,0.08064479
Tyson Smoothy,Hooker,2025-07-03 13:42:51.428571428,23.0,42.0,1.0,67.03854,0.0,6479.037,84.0,4.937148,2,0.043277685
Tyson Smoothy,Hooker,2025-07-03 13:42:51.428571428,20.0,72.0,2.0,95.155,0.0,6479.037,84.0,4.937148,2,0.03300836
Martin Taupau,Prop,2025-07-19 03:25:42.857142856,7.0,184.0,2.0,12.421997,0.0,5880.7666,68.0,4.945439,2,0.14254478
Martin Taupau,Prop,2025-07-19 03:25:42.857142856,24.0,102.0,3.0,89.62213,0.0,5880.7666,68.0,4.945439,1,0.052213304
Martin Taupau,Prop,2025-07-19 03:25:42.857142856,28.0,164.0,3.0,59.477665,0.0,5880.7666,68.0,4.945439,1,0.07834515
Martin Taupau,Prop,2025-07-19 03:25:42.857142856,37.0,104.0,4.0,61.660458,0.0,5880.7666,68.0,4.945439,1,0.06841514
Martin Taupau,Prop,2025-07-19 03:25:42.857142856,28.0,97.0,4.0,61.29442,0.0,5880.7666,68.0,4.945439,1,0.07025931
Martin Taupau,Prop,2025-07-19 03:25:42.857142856,15.0,129.0,1.0,29.883589,0.0,5880.7666,68.0,4.945439,2,0.10792218
Martin Taupau,Prop,2025-07-19 03:25:42.857142856,12.0,20.0,1.0,93.52018,0.0,5880.7666,68.0,4.945439,2,0.04665639
Martin Taupau,Prop,2025-07-19 03:25:42.857142856,40.0,70.0,0.0,94.73505,0.0,5880.7666,68.0,4.945439,2,0.044507477
Martin Taupau,Prop,2025-07-19 03:25:42.857142856,42.0,192.0,4.0,62.530464,0.0,5880.7666,68.0,4.945439,1,0.07483621
Martin Taupau,Prop,2025-07-19 03:25:42.857142856,44.0,23.0,2.0,78.34227,0.0,5880.7666,68.0,4.945439,1,0.04958355
Martin Taupau,Prop,2025-07-19 03:25:42.857142856,24.0,132.0,4.0,61.2258,0.0,5880.7666,68.0,4.945439,1,0.074706055
Martin Taupau,Prop,2025-07-19 03:25:42.857142856,39.0,51.0,2.0,48.439846,0.0,5880.7666,68.0,4.945439,1,0.073314816
Martin Taupau,Prop,2025-07-19 03:25:42.857142856,29.0,53.0,3.0,66.08201,0.0,5880.7666,68.0,4.945439,1,0.06257703
Martin Taupau,Prop,2025-07-19 03:25:42.857142856,39.0,111.0,4.0,55.300144,0.0,5880.7666,68.0,4.945439,1,0.07358489
Martin Taupau,Prop,2025-07-19 03:25:42.857142856,29.0,114.0,3.0,59.747585,0.0,5880.7666,68.0,4.945439,1,0.07285173
Ben Te Kura,Prop,2025-07-19 03:25:42.857142856,33.0,91.0,1.0,78.383255,0.0,5800.858,75.0,4.9969482,2,0.048160233
Ben Te Kura,Prop,2025-07-19 03:25:42.857142856,22.0,58.0,1.0,48.09038,0.0,5800.858,75.0,4.9969482,2,0.067398645
Ben Te Kura,Prop,2025-07-19 03:25:42.857142856,22.0,173.0,0.0,4.075411,0.0,5800.858,75.0,4.9969482,2,0.12600401
Ben Te Kura,Prop,2025-07-19 03:25:42.857142856,6.0,181.0,4.0,16.399948,0.0,5800.858,75.0,4.9969482,1,0.117980175
Ben Te Kura,Prop,2025-07-19 03:25:42.857142856,39.0,137.0,3.0,43.86072,0.0,5800.858,75.0,4.9969482,1,0.0738957
Ben Te Kura,Prop,2025-07-19 03:25:42.857142856,20.0,22.0,2.0,72.48266,0.0,5800.858,75.0,4.9969482,2,0.04913777
Ben Te Kura,Prop,2025-07-19 03:25:42.857142856,45.0,142.0,1.0,59.327866,0.0,5800.858,75.0,4.9969482,2,0.06129566
Ben Te Kura,Prop,2025-07-19 03:25:42.857142856,40.0,69.0,1.0,65.02942,0.0,5800.858,75.0,4.9969482,2,0.05302807
Ben Te Kura,Prop,2025-07-19 03:25:42.857142856,37.0,31.0,2.0,47.927895,1.0,5800.858,75.0,4.9969482,1,0.061737627
Ben Te Kura,Prop,2025-07-19 03:25:42.857142856,8.0,73.0,3.0,61.574203,0.0,5800.858,75.0,4.9969482,1,0.06216853
Ben Te Kura,Prop,2025-07-19 03:25:42.857142856,37.0,152.0,3.0,32.901745,0.0,5800.858,75.0,4.9969482,1,0.085621715
Ben Te Kura,Prop,2025-07-19 03:25:42.857142856,18.0,76.0,4.0,47.01826,0.0,5800.858,75.0,4.9969482,1,0.070860304
Ben Te Kura,Prop,2025-07-19 03:25:42.857142856,25.0,164.0,4.0,74.42791,1.0,5800.858,75.0,4.9969482,1,0.05723653
Ben Te Kura,Prop,2025-07-19 03:25:42.857142856,24.0,131.0,0.0,87.18328,0.0,5800.858,75.0,4.9969482,2,0.04753974
Ben Te Kura,Prop,2025-07-19 03:25:42.857142856,12.0,66.0,1.0,43.365532,0.0,5800.858,75.0,4.9969482,2,0.07437102
Fletcher Baker,Prop,2025-08-03 17:08:34.285714284,11.0,170.0,4.0,4.3661656,0.0,5823.144,76.0,4.9935293,1,0.12711765
Fletcher Baker,Prop,2025-08-03 17:08:34.285714284,7.0,104.0,3.0,16.167253,1.0,5823.144,76.0,4.9935293,1,0.104612045
Fletcher Baker,Prop,2025-08-03 17:08:34.285714284,21.0,161.0,2.0,2.086114,0.0,5823.144,76.0,4.9935293,2,0.12451278
Fletcher Baker,Prop,2025-08-03 17:08:34.285714284,37.0,85.0,3.0,65.3263,0.0,5823.144,76.0,4.9935293,1,0.053369805
Fletcher Baker,Prop,2025-08-03 17:08:34.285714284,16.0,94.0,1.0,33.231464,0.0,5823.144,76.0,4.9935293,2,0.0832159
Fletcher Baker,Prop,2025-08-03 17:08:34.285714284,26.0,198.0,3.0,54.247864,0.0,5823.144,76.0,4.9935293,1,0.07312709
Fletcher Baker,Prop,2025-08-03 17:08:34.285714284,26.0,122.0,0.0,49.327686,0.0,5823.144,76.0,4.9935293,2,0.06980542
Fletcher Baker,Prop,2025-08-03 17:08:34.285714284,34.0,185.0,1.0,8.152649,0.0,5823.144,76.0,4.9935293,2,0.115277946
Fletcher Baker,Prop,2025-08-03 17:08:34.285714284,42.0,57.0,2.0,40.326138,0.0,5823.144,76.0,4.9935293,1,0.06685178
Fletcher Baker,Prop,2025-08-03 17:08:34.285714284,42.0,69.0,0.0,22.056112,0.0,5823.144,76.0,4.9935293,2,0.08312604
Fletcher Baker,Prop,2025-08-03 17:08:34.285714284,49.0,117.0,1.0,41.839977,0.0,5823.144,76.0,4.9935293,2,0.069469675
Fletcher Baker,Prop,2025-08-03 17:08:34.285714284,12.0,101.0,2.0,20.357828,0.0,5823.144,76.0,4.9935293,2,0.0979351
Fletcher Baker,Prop,2025-08-03 17:08:34.285714284,31.0,49.0,0.0,84.04524,0.0,5823.144,76.0,4.9935293,2,0.04196481
Fletcher Baker,Prop,2025-08-03 17:08:34.285714284,31.0,98.0,0.0,17.419334,1.0,5823.144,76.0,4.9935293,2,0.09433322
Fletcher Baker,Prop,2025-08-03 17:08:34.285714284,38.0,110.0,1.0,96.07806,0.0,5823.144,76.0,4.9935293,2,0.03875096
Kobe Hetherington,Second-row,2025-08-03 17:08:34.285714284,25.0,198.0,4.0,41.590736,0.0,5896.87,74.0,4.946293,1,0.08821757
Kobe Hetherington,Second-row,2025-08-03 17:08:34.285714284,34.0,71.0,0.0,84.62453,0.0,5896.87,74.0,4.946293,2,0.044536714
Kobe Hetherington,Second-row,2025-08-03 17:08:34.285714284,37.0,185.0,0.0,62.87648,0.0,5896.87,74.0,4.946293,2,0.065732084
Kobe Hetherington,Second-row,2025-08-03 17:08:34.285714284,32.0,98.0,2.0,73.53503,0.0,5896.87,74.0,4.946293,1,0.052794486
Kobe Hetherington,Second-row,2025-08-03 17:08:34.285714284,37.0,49.0,3.0,76.77239,0.0,5896.87,74.0,4.946293,1,0.046753407
Kobe Hetherington,Second-row,2025-08-03 17:08:34.285714284,9.0,125.0,1.0,50.48449,0.0,5896.87,74.0,4.946293,2,0.07687727
Kobe Hetherington,Second-row,2025-08-03 17:08:34.285714284,23.0,70.0,1.0,54.33005,0.0,5896.87,74.0,4.946293,2,0.06516049
Kobe Hetherington,Second-row,2025-08-03 17:08:34.285714284,8.0,100.0,4.0,51.399586,0.0,5896.87,74.0,4.946293,1,0.07388507
Kobe Hetherington,Second-row,2025-08-03 17:08:34.285714284,39.0,152.0,4.0,58.80584,0.0,5896.87,74.0,4.946293,1,0.065350175
Kobe Hetherington,Second-row,2025-08-03 17:08:34.285714284,21.0,48.0,1.0,2.9394445,0.0,5896.87,74.0,4.946293,2,0.111707516
Kobe Hetherington,Second-row,2025-08-03 17:08:34.285714284,48.0,151.0,4.0,39.551517,1.0,5896.87,74.0,4.946293,1,0.07827425
Kobe Hetherington,Second-row,2025-08-03 17:08:34.285714284,32.0,157.0,2.0,60.61887,1.0,5896.87,74.0,4.946293,1,0.06609466
Kobe Hetherington,Second-row,2025-08-03 17:08:34.285714284,34.0,164.0,1.0,59.772358,1.0,5896.87,74.0,4.946293,2,0.066872455
Kobe Hetherington,Second-row,2025-08-03 17:08:34.285714284,33.0,93.0,4.0,79.29561,0.0,5896.87,74.0,4.946293,1,0.048943795
Kobe Hetherington,Second-row,2025-08-03 17:08:34.285714284,10.0,36.0,1.0,65.50093,0.0,5896.87,74.0,4.946293,2,0.057527773
Jack Gosiewski,Second-row,2025-08-19 06:51:25.714285714,39.0,103.0,3.0,99.21333,0.0,6365.752,84.0,4.6869955,1,0.03079444
Jack Gosiewski,Second-row,2025-08-19 06:51:25.714285714,45.0,88.0,0.0,28.385452,0.0,6365.752,84.0,4.6869955,2,0.066161305
Jack Gosiewski,Second-row,2025-08-19 06:51:25.714285714,41.0,53.0,1.0,35.915104,0.0,6365.752,84.0,4.6869955,2,0.058851432
Jack Gosiewski,Second-row,2025-08-19 06:51:25.714285714,28.0,25.0,0.0,38.384716,0.0,6365.752,84.0,4.6869955,2,0.05774457
Jack Gosiewski,Second-row,2025-08-19 06:51:25.714285714,33.0,72.0,4.0,46.58128,0.0,6365.752,84.0,4.6869955,1,0.055102512
Jack Gosiewski,Second-row,2025-08-19 06:51:25.714285714,35.0,145.0,0.0,83.59981,0.0,6365.752,84.0,4.6869955,2,0.039649256
Jack Gosiewski,Second-row,2025-08-19 06:51:25.714285714,39.0,62.0,1.0,23.57921,0.0,6365.752,84.0,4.6869955,2,0.06886859
Jack Gosiewski,Second-row,2025-08-19 06:51:25.714285714,37.0,134.0,3.0,77.60002,0.0,6365.752,84.0,4.6869955,1,0.041530736
Jack Gosiewski,Second-row,2025-08-19 06:51:25.714285714,25.0,130.0,4.0,40.531017,0.0,6365.752,84.0,4.6869955,1,0.065614335
Jack Gosiewski,Second-row,2025-08-19 06:51:25.714285714,36.0,170.0,1.0,60.18554,0.0,6365.752,84.0,4.6869955,2,0.053379364
Jack Gosiewski,Second-row,2025-08-19 06:51:25.714285714,27.0,99.0,4.0,63.254055,1.0,6365.752,84.0,4.6869955,1,0.04835637
Jack Gosiewski,Second-row,2025-08-19 06:51:25.714285714,37.0,114.0,2.0,37.284863,0.0,6365.752,84.0,4.6869955,2,0.06381233
Jack Gosiewski,Second-row,2025-08-19 06:51:25.714285714,7.0,137.0,0.0,51.26152,0.0,6365.752,84.0,4.6869955,2,0.06263135
Jack Gosiewski,Second-row,2025-08-19 06:51:25.714285714,22.0,163.0,2.0,41.303116,0.0,6365.752,84.0,4.6869955,2,0.06871197
Jack Gosiewski,Second-row,2025-08-19 06:51:25.714285714,29.0,27.0,1.0,6.9132786,0.0,6365.752,84.0,4.6869955,2,0.08187269
Josiah Karapani,Centre,2025-08-19 06:51:25.714285714,46.0,151.0,3.0,43.716537,0.0,5837.6733,72.0,4.885566,1,0.07878717
Josiah Karapani,Centre,2025-08-19 06:51:25.714285714,35.0,123.0,4.0,9.739339,1.0,5837.6733,72.0,4.885566,1,0.11392614
Josiah Karapani,Centre,2025-08-19 06:51:25.714285714,7.0,151.0,0.0,40.50208,0.0,5837.6733,72.0,4.885566,2,0.09345213
Josiah Karapani,Centre,2025-08-19 06:51:25.714285714,44.0,44.0,4.0,59.29184,0.0,5837.6733,72.0,4.885566,1,0.057830207
Josiah Karapani,Centre,2025-08-19 06:51:25.714285714,28.0,115.0,1.0,57.94149,0.0,5837.6733,72.0,4.885566,2,0.068370484
Josiah Karapani,Centre,2025-08-19 06:51:25.714285714,36.0,174.0,4.0,66.26213,0.0,5837.6733,72.0,4.885566,1,0.06553839
Josiah Karapani,Centre,2025-08-19 06:51:25.714285714,26.0,112.0,0.0,9.526151,0.0,5837.6733,72.0,4.885566,2,0.116065845
Josiah Karapani,Centre,2025-08-19 06:51:25.714285714,27.0,179.0,1.0,65.212326,0.0,5837.6733,72.0,4.885566,2,0.06892005
Josiah Karapani,Centre,2025-08-19 06:51:25.714285714,6.0,197.0,4.0,31.214806,0.0,5837.6733,72.0,4.885566,1,0.109921314
Josiah Karapani,Centre,2025-08-19 06:51:25.714285714,31.0,80.0,3.0,39.904594,1.0,5837.6733,72.0,4.885566,1,0.07885322
Josiah Karapani,Centre,2025-08-19 06:51:25.714285714,46.0,141.0,1.0,85.79862,0.0,5837.6733,72.0,4.885566,2,0.04851951
Josiah Karapani,Centre,2025-08-19 06:51:25.714285714,6.0,70.0,1.0,0.9030404,0.0,5837.6733,72.0,4.885566,2,0.12883721
Josiah Karapani,Centre,2025-08-19 06:51:25.714285714,30.0,166.0,3.0,58.841263,0.0,5837.6733,72.0,4.885566,1,0.0719371
Josiah Karapani,Centre,2025-08-19 06:51:25.714285714,21.0,40.0,2.0,59.8714,0.0,5837.6733,72.0,4.885566,2,0.062044844
Josiah Karapani,Centre,2025-08-19 06:51:25.714285714,44.0,24.0,0.0,39.665977,0.0,5837.6733,72.0,4.885566,2,0.07012098
Coby Black,Halfback,2025-09-03 20:34:17.142857142,37.0,111.0,2.0,23.702785,0.0,5825.9,70.0,4.951813,1,0.10011114
Coby Black,Halfback,2025-09-03 20:34:17.142857142,13.0,189.0,4.0,23.467403,0.0,5825.9,70.0,4.951813,1,0.120238155
Coby Black,Halfback,2025-09-03 20:34:17.142857142,47.0,80.0,3.0,88.370964,0.0,5825.9,70.0,4.951813,1,0.045171283
Coby Black,Halfback,2025-09-03 20:34:17.142857142,43.0,41.0,2.0,44.20244,0.0,5825.9,70.0,4.951813,1,0.0714919
Coby Black,Halfback,2025-09-03 20:34:17.142857142,33.0,168.0,1.0,33.088936,0.0,5825.9,70.0,4.951813,2,0.09874188
Coby Black,Halfback,2025-09-03 20:34:17.142857142,46.0,89.0,4.0,44.877758,0.0,5825.9,70.0,4.951813,1,0.074832186
Coby Black,Halfback,2025-09-03 20:34:17.142857142,30.0,20.0,4.0,66.93904,0.0,5825.9,70.0,4.951813,1,0.056450844
Coby Black,Halfback,2025-09-03 20:34:17.142857142,39.0,152.0,2.0,14.575657,1.0,5825.9,70.0,4.951813,1,0.11549241
Coby Black,Halfback,2025-09-03 20:34:17.142857142,29.0,31.0,2.0,44.943382,0.0,5825.9,70.0,4.951813,1,0.073514245
Coby Black,Halfback,2025-09-03 20:34:17.142857142,28.0,109.0,3.0,58.788437,0.0,5825.9,70.0,4.951813,1,0.07018703
Coby Black,Halfback,2025-09-03 20:34:17.142857142,17.0,65.0,0.0,94.85834,0.0,5825.9,70.0,4.951813,2,0.045827687
Coby Black,Halfback,2025-09-03 20:34:17.142857142,11.0,53.0,2.0,25.252779,1.0,5825.9,70.0,4.951813,2,0.09986862
Coby Black,Halfback,2025-09-03 20:34:17.142857142,40.0,196.0,2.0,35.925076,0.0,5825.9,70.0,4.951813,1,0.09694052
Coby Black,Halfback,2025-09-03 20:34:17.142857142,49.0,97.0,1.0,37.93586,0.0,5825.9,70.0,4.951813,2,0.08078422
Coby Black,Halfback,2025-09-03 20:34:17.142857142,24.0,64.0,4.0,60.553814,0.0,5825.9,70.0,4.951813,1,0.065733775
Jaiyden Hunt,Prop,2025-09-03 20:34:17.142857142,5.0,174.0,0.0,35.673206,0.0,6411.8564,80.0,4.7997127,2,0.08589471
Jaiyden Hunt,Prop,2025-09-03 20:34:17.142857142,12.0,92.0,1.0,53.351192,0.0,6411.8564,80.0,4.7997127,2,0.061797325
Jaiyden Hunt,Prop,2025-09-03 20:34:17.142857142,20.0,45.0,3.0,78.17903,0.0,6411.8564,80.0,4.7997127,1,0.042513546
Jaiyden Hunt,Prop,2025-09-03 20:34:17.142857142,18.0,66.0,3.0,70.53856,0.0,6411.8564,80.0,4.7997127,1,0.048084445
Jaiyden Hunt,Prop,2025-09-03 20:34:17.142857142,16.0,140.0,2.0,44.636864,1.0,6411.8564,80.0,4.7997127,2,0.07159415
Jaiyden Hunt,Prop,2025-09-03 20:34:17.142857142,27.0,75.0,2.0,86.421616,0.0,6411.8564,80.0,4.7997127,2,0.039292812
Jaiyden Hunt,Prop,2025-09-03 20:34:17.142857142,19.0,113.0,3.0,55.814026,0.0,6411.8564,80.0,4.7997127,1,0.060308434
Jaiyden Hunt,Prop,2025-09-03 20:34:17.142857142,32.0,126.0,2.0,53.990585,0.0,6411.8564,80.0,4.7997127,2,0.059798066
Jaiyden Hunt,Prop,2025-09-03 20:34:17.142857142,38.0,82.0,0.0,3.4187765,0.0,6411.8564,80.0,4.7997127,2,0.09649959
Jaiyden Hunt,Prop,2025-09-03 20:34:17.142857142,6.0,67.0,2.0,98.6693,0.0,6411.8564,80.0,4.7997127,2,0.036454897
Jaiyden Hunt,Prop,2025-09-03 20:34:17.142857142,36.0,80.0,4.0,12.297081,0.0,6411.8564,80.0,4.7997127,1,0.08801859
Jaiyden Hunt,Prop,2025-09-03 20:34:17.142857142,27.0,100.0,2.0,23.11309,0.0,6411.8564,80.0,4.7997127,2,0.0828361
Jaiyden Hunt,Prop,2025-09-03 20:34:17.142857142,26.0,45.0,1.0,5.169684,0.0,6411.8564,80.0,4.7997127,2,0.09406285
Jaiyden Hunt,Prop,2025-09-03 20:34:17.142857142,29.0,55.0,0.0,64.0003,0.0,6411.8564,80.0,4.7997127,2,0.04903263
Jaiyden Hunt,Prop,2025-09-03 20:34:17.142857142,26.0,20.0,1.0,22.470118,0.0,6411.8564,80.0,4.7997127,2,0.07533299
Tristan Sailor,Fullback,2025-09-19 10:17:08.571428570,26.0,27.0,1.0,18.001043,0.0,6085.6196,77.0,4.952834,2,0.08511759
Tristan Sailor,Fullback,2025-09-19 10:17:08.571428570,46.0,132.0,4.0,8.855558,0.0,6085.6196,77.0,4.952834,1,0.1005453
Tristan Sailor,Fullback,2025-09-19 10:17:08.571428570,10.0,118.0,0.0,10.330895,1.0,6085.6196,77.0,4.952834,2,0.10988377
Tristan Sailor,Fullback,2025-09-19 10:17:08.571428570,19.0,199.0,0.0,58.46707,0.0,6085.6196,77.0,4.952834,2,0.070092246
Tristan Sailor,Fullback,2025-09-19 10:17:08.571428570,47.0,66.0,0.0,68.820786,0.0,6085.6196,77.0,4.952834,2,0.047157064
Tristan Sailor,Fullback,2025-09-19 10:17:08.571428570,41.0,146.0,0.0,39.7379,0.0,6085.6196,77.0,4.952834,2,0.07439298
Tristan Sailor,Fullback,2025-09-19 10:17:08.571428570,37.0,75.0,0.0,47.989708,0.0,6085.6196,77.0,4.952834,2,0.062611215
Tristan Sailor,Fullback,2025-09-19 10:17:08.571428570,12.0,33.0,4.0,68.59677,0.0,6085.6196,77.0,4.952834,1,0.05129876
Tristan Sailor,Fullback,2025-09-19 10:17:08.571428570,48.0,47.0,2.0,1.737979,0.0,6085.6196,77.0,4.952834,1,0.09660861
Tristan Sailor,Fullback,2025-09-19 10:17:08.571428570,48.0,97.0,1.0,32.313065,0.0,6085.6196,77.0,4.952834,2,0.07383755
Tristan Sailor,Fullback,2025-09-19 10:17:08.571428570,9.0,149.0,0.0,97.30978,0.0,6085.6196,77.0,4.952834,2,0.04381667
Tristan Sailor,Fullback,2025-09-19 10:17:08.571428570,43.0,128.0,2.0,58.011223,0.0,6085.6196,77.0,4.952834,1,0.05881171
Tristan Sailor,Fullback,2025-09-19 10:17:08.571428570,8.0,173.0,2.0,25.422459,0.0,6085.6196,77.0,4.952834,2,0.10102746
Tristan Sailor,Fullback,2025-09-19 10:17:08.571428570,10.0,33.0,1.0,52.173004,0.0,6085.6196,77.0,4.952834,2,0.062176093
Tristan Sailor,Fullback,2025-09-19 10:17:08.571428570,49.0,75.0,4.0,34.26535,0.0,6085.6196,77.0,4.952834,1,0.06992639
Delouise Hoeter,Centre,2025-09-19 10:17:08.571428570,36.0,134.0,3.0,53.2245,0.0,5815.256,71.0,4.9924607,1,0.07331975
Delouise Hoeter,Centre,2025-09-19 10:17:08.571428570,34.0,26.0,3.0,12.574151,0.0,5815.256,71.0,4.9924607,1,0.099915005
Delouise Hoeter,Centre,2025-09-19 10:17:08.571428570,39.0,22.0,2.0,13.271465,0.0,5815.256,71.0,4.9924607,1,0.09697932
Delouise Hoeter,Centre,2025-09-19 10:17:08.571428570,44.0,130.0,1.0,14.354237,0.0,5815.256,71.0,4.9924607,2,0.10827139
Delouise Hoeter,Centre,2025-09-19 10:17:08.571428570,20.0,170.0,3.0,93.98198,0.0,5815.256,71.0,4.9924607,1,0.051596604
Delouise Hoeter,Centre,2025-09-19 10:17:08.571428570,17.0,126.0,2.0,73.289894,0.0,5815.256,71.0,4.9924607,2,0.062052917
Delouise Hoeter,Centre,2025-09-19 10:17:08.571428570,46.0,37.0,4.0,16.23819,0.0,5815.256,71.0,4.9924607,1,0.09348256
Delouise Hoeter,Centre,2025-09-19 10:17:08.571428570,34.0,57.0,3.0,18.834908,0.0,5815.256,71.0,4.9924607,1,0.09721386
Delouise Hoeter,Centre,2025-09-19 10:17:08.571428570,23.0,134.0,2.0,73.08295,0.0,5815.256,71.0,4.9924607,1,0.06153744
Delouise Hoeter,Centre,2025-09-19 10:17:08.571428570,21.0,34.0,2.0,15.6163845,0.0,5815.256,71.0,4.9924607,2,0.10214524
Delouise Hoeter,Centre,2025-09-19 10:17:08.571428570,23.0,138.0,0.0,23.45613,0.0,5815.256,71.0,4.9924607,2,0.1066015
Delouise Hoeter,Centre,2025-09-19 10:17:08.571428570,32.0,47.0,4.0,96.33469,0.0,5815.256,71.0,4.9924607,1,0.04065058
Delouise Hoeter,Centre,2025-09-19 10:17:08.571428570,30.0,58.0,0.0,25.530653,0.0,5815.256,71.0,4.9924607,2,0.0917939
Delouise Hoeter,Centre,2025-09-19 10:17:08.571428570,41.0,36.0,1.0,66.16324,0.0,5815.256,71.0,4.9924607,2,0.054642778
Delouise Hoeter,Centre,2025-09-19 10:17:08.571428570,30.0,105.0,0.0,97.86313,0.0,5815.256,71.0,4.9924607,2,0.043570496
Israel Leota,Winger,2025-10-05 00:00:00.000000000,27.0,145.0,0.0,37.429676,0.0,6284.243,75.0,4.98048,2,0.08362461
Israel Leota,Winger,2025-10-05 00:00:00.000000000,13.0,63.0,3.0,1.7515991,0.0,6284.243,75.0,4.98048,1,0.115883306
Israel Leota,Winger,2025-10-05 00:00:00.000000000,16.0,44.0,2.0,24.414728,0.0,6284.243,75.0,4.98048,2,0.087751456
Israel Leota,Winger,2025-10-05 00:00:00.000000000,5.0,164.0,4.0,83.08772,0.0,6284.243,75.0,4.98048,1,0.05579225
Israel Leota,Winger,2025-10-05 00:00:00.000000000,5.0,32.0,0.0,86.460884,0.0,6284.243,75.0,4.98048,2,0.04487041
Israel Leota,Winger,2025-10-05 00:00:00.000000000,38.0,44.0,4.0,76.85194,0.0,6284.243,75.0,4.98048,1,0.04514868
Israel Leota,Winger,2025-10-05 00:00:00.000000000,36.0,87.0,0.0,11.310982,0.0,6284.243,75.0,4.98048,2,0.0998108
Israel Leota,Winger,2025-10-05 00:00:00.000000000,29.0,157.0,1.0,79.55104,0.0,6284.243,75.0,4.98048,2,0.05276157
Israel Leota,Winger,2025-10-05 00:00:00.000000000,44.0,86.0,0.0,91.86778,0.0,6284.243,75.0,4.98048,2,0.03940466
Israel Leota,Winger,2025-10-05 00:00:00.000000000,49.0,128.0,3.0,60.060955,0.0,6284.243,75.0,4.98048,1,0.058827862
Israel Leota,Winger,2025-10-05 00:00:00.000000000,5.0,165.0,2.0,94.08753,0.0,6284.243,75.0,4.98048,2,0.049326796
Israel Leota,Winger,2025-10-05 00:00:00.000000000,20.0,130.0,1.0,82.68389,0.0,6284.243,75.0,4.98048,2,0.05070782
Israel Leota,Winger,2025-10-05 00:00:00.000000000,43.0,130.0,0.0,66.69715,0.0,6284.243,75.0,4.98048,2,0.055929307
Israel Leota,Winger,2025-10-05 00:00:00.000000000,9.0,53.0,4.0,57.718525,0.0,6284.243,75.0,4.98048,1,0.06298534
Israel Leota,Winger,2025-10-05 00:00:00.000000000,26.0,130.0,1.0,34.85737,0.0,6284.243,75.0,4.98048,2,0.08463038
Josh Rogers,Halfback,2025-10-05 00:00:00.000000000,33.0,27.0,1.0,15.928744,0.0,5608.257,65.0,4.8509526,2,0.11046138
Josh Rogers,Halfback,2025-10-05 00:00:00.000000000,7.0,187.0,0.0,60.49539,0.0,5608.257,65.0,4.8509526,2,0.09191612
Josh Rogers,Halfback,2025-10-05 00:00:00.000000000,16.0,132.0,1.0,31.811155,0.0,5608.257,65.0,4.8509526,2,0.11297052
Josh Rogers,Halfback,2025-10-05 00:00:00.000000000,30.0,102.0,4.0,86.64387,0.0,5608.257,65.0,4.8509526,1,0.056673747
Josh Rogers,Halfback,2025-10-05 00:00:00.000000000,20.0,61.0,1.0,99.333694,0.0,5608.257,65.0,4.8509526,2,0.0481355
Josh Rogers,Halfback,2025-10-05 00:00:00.000000000,41.0,188.0,4.0,75.242775,0.0,5608.257,65.0,4.8509526,1,0.06948999
Josh Rogers,Halfback,2025-10-05 00:00:00.000000000,26.0,120.0,0.0,9.048169,0.0,5608.257,65.0,4.8509526,2,0.13657823
Josh Rogers,Halfback,2025-10-05 00:00:00.000000000,33.0,25.0,2.0,28.868559,0.0,5608.257,65.0,4.8509526,1,0.09591125
Josh Rogers,Halfback,2025-10-05 00:00:00.000000000,18.0,199.0,1.0,10.910963,0.0,5608.257,65.0,4.8509526,2,0.15152545
Josh Rogers,Halfback,2025-10-05 00:00:00.000000000,32.0,45.0,2.0,65.05116,0.0,5608.257,65.0,4.8509526,1,0.066399455
Josh Rogers,Halfback,2025-10-05 00:00:00.000000000,9.0,83.0,4.0,76.51909,0.0,5608.257,65.0,4.8509526,1,0.066703305
Josh Rogers,Halfback,2025-10-05 00:00:00.000000000,34.0,78.0,1.0,92.56748,0.0,5608.257,65.0,4.8509526,2,0.050571904
Josh Rogers,Halfback,2025-10-05 00:00:00.000000000,9.0,128.0,3.0,43.817234,0.0,5608.257,65.0,4.8509526,1,0.101260066
Josh Rogers,Halfback,2025-10-05 00:00:00.000000000,16.0,140.0,2.0,90.137566,0.0,5608.257,65.0,4.8509526,2,0.060303446
Josh Rogers,Halfback,2025-10-05 00:00:00.000000000,20.0,52.0,1.0,87.789116,0.0,5608.257,65.0,4.8509526,2,0.05419949
